{
  "total_pnl": 572.7413434635382,
  "total_return_pct": 5.727413434635382,
  "sharpe_ratio": 2.868554551345243,
  "max_drawdown_pct": -10.615955403873812,
  "total_trades": 81,
  "win_rate_pct": 27.160493827160494,
  "profit_factor": 1.1172404410999155,
  "data_coverage_pct": 100.0
}