{
  "total_pnl": -25200.92038536031,
  "total_return_pct": -252.00920385360314,
  "sharpe_ratio": -0.03231598020309815,
  "max_drawdown_pct": -100.0,
  "max_drawdown": -100.0,
  "total_trades": 476,
  "win_rate": 44.747899159663866,
  "win_rate_pct": 44.747899159663866,
  "profit_factor": 0.7923355145887016,
  "data_coverage_pct": 99.85608552631578
}