{
  "total_pnl": -44133.91420234451,
  "total_return_pct": -441.33914202344505,
  "sharpe_ratio": 0.34734364966203346,
  "max_drawdown_pct": -100.0,
  "max_drawdown": -100.0,
  "total_trades": 1292,
  "win_rate": 38.31269349845201,
  "win_rate_pct": 38.31269349845201,
  "profit_factor": 0.7688173668658642,
  "data_coverage_pct": 99.85186230248307
}