{
  "total_pnl": -24318.616783401892,
  "total_return_pct": -243.18616783401893,
  "sharpe_ratio": -0.7662155792100607,
  "max_drawdown_pct": -100.0,
  "max_drawdown": -100.0,
  "total_trades": 618,
  "win_rate": 38.349514563106794,
  "win_rate_pct": 38.349514563106794,
  "profit_factor": 0.6515284553723234,
  "data_coverage_pct": 100.0
}