{
  "fold_id": 4,
  "train_range": [
    40800,
    49752
  ],
  "test_range": [
    51000,
    62448
  ],
  "train_bars": 8952,
  "test_bars": 11448,
  "train_sharpe": -3.0153240267602284,
  "test_sharpe": -0.7781713052333773,
  "overfitting_ratio": 3.875,
  "execution_time_ms": 10.6
}