{
  "train_sharpe": -3.0153240267602284,
  "test_sharpe": -0.7781713052333773,
  "overfitting_ratio": 3.875
}