{
  "metric": "sharpe_ratio",
  "n_combinations_tested": 5,
  "n_combinations_requested": 5,
  "top_results": [
    {
      "params": {
        "fast_period": 5,
        "slow_period": 35,
        "k_sl": 1.0
      },
      "metrics": {
        "total_pnl": -54059.97274938987,
        "total_return_pct": -540.5997274938986,
        "sharpe_ratio": 0.42414445655763117,
        "max_drawdown_pct": -100.0,
        "max_drawdown": -100.0,
        "total_trades": 2784,
        "win_rate": 18.857758620689655,
        "win_rate_pct": 18.857758620689655,
        "profit_factor": 0.7666992600045096,
        "data_coverage_pct": 99.92163009404389
      }
    },
    {
      "params": {
        "fast_period": 5,
        "slow_period": 20,
        "k_sl": 1.0
      },
      "metrics": {
        "total_pnl": -87534.37057959317,
        "total_return_pct": -875.3437057959318,
        "sharpe_ratio": 0.21929157964217086,
        "max_drawdown_pct": -100.0,
        "max_drawdown": -100.0,
        "total_trades": 3814,
        "win_rate": 19.32354483481909,
        "win_rate_pct": 19.32354483481909,
        "profit_factor": 0.7054736467788566,
        "data_coverage_pct": 99.92163009404389
      }
    },
    {
      "params": {
        "fast_period": 20,
        "slow_period": 35,
        "k_sl": 5.0
      },
      "metrics": {
        "total_pnl": -10599.057971279099,
        "total_return_pct": -105.99057971279098,
        "sharpe_ratio": 0.028209004796601038,
        "max_drawdown_pct": -100.0,
        "max_drawdown": -100.0,
        "total_trades": 1350,
        "win_rate": 25.851851851851855,
        "win_rate_pct": 25.851851851851855,
        "profit_factor": 0.9424904530884242,
        "data_coverage_pct": 99.92163009404389
      }
    }
  ]
}