{
  "total_pnl": -54059.97274938987,
  "total_return_pct": -540.5997274938986,
  "sharpe_ratio": 0.42414445655763117,
  "max_drawdown_pct": -100.0,
  "max_drawdown": -100.0,
  "total_trades": 2784,
  "win_rate": 18.857758620689655,
  "win_rate_pct": 18.857758620689655,
  "profit_factor": 0.7666992600045096,
  "data_coverage_pct": 99.92163009404389
}