{
  "fold_id": 2,
  "train_range": [
    20400,
    29352
  ],
  "test_range": [
    30600,
    46212
  ],
  "train_bars": 8952,
  "test_bars": 15612,
  "train_sharpe": -6.090114572707451,
  "test_sharpe": 9.827873256921059,
  "overfitting_ratio": -0.62,
  "execution_time_ms": 146.0
}