{
  "train_sharpe": -6.090114572707451,
  "test_sharpe": 9.827873256921059,
  "overfitting_ratio": -0.62
}