{
  "train_sharpe": 2.3935295530565277,
  "test_sharpe": -20.522033187621904,
  "overfitting_ratio": -0.117
}