{
  "total_pnl": -491.8591672836192,
  "total_return_pct": -4.918591672836191,
  "sharpe_ratio": 0.001643881291058233,
  "max_drawdown_pct": -24.39109646802743,
  "max_drawdown": -24.39109646802743,
  "total_trades": 47,
  "win_rate": 14.893617021276595,
  "win_rate_pct": 14.893617021276595,
  "profit_factor": 0.9312645240282359,
  "data_coverage_pct": 100.0
}