{
  "fold_id": 1,
  "train_range": [
    10200,
    19152
  ],
  "test_range": [
    20400,
    36012
  ],
  "train_bars": 8952,
  "test_bars": 15612,
  "train_sharpe": 8.29477419726371,
  "test_sharpe": -6.541821618342901,
  "overfitting_ratio": -1.268,
  "execution_time_ms": 148.7
}