{
  "train_sharpe": 8.29477419726371,
  "test_sharpe": -6.541821618342901,
  "overfitting_ratio": -1.268
}