{
  "total_pnl": -60299.32446415762,
  "total_return_pct": -602.9932446415762,
  "sharpe_ratio": 0.8979352746947856,
  "max_drawdown_pct": -100.0,
  "max_drawdown": -100.0,
  "total_trades": 780,
  "win_rate": 29.615384615384617,
  "win_rate_pct": 29.615384615384617,
  "profit_factor": 0.7876230818815603,
  "data_coverage_pct": 99.85608552631578
}