{
  "total_pnl": -38649.5949197226,
  "total_return_pct": -386.495949197226,
  "sharpe_ratio": 0.38239461003577924,
  "max_drawdown_pct": -100.0,
  "max_drawdown": -100.0,
  "total_trades": 686,
  "win_rate": 15.014577259475217,
  "win_rate_pct": 15.014577259475217,
  "profit_factor": 0.6243457313638968,
  "data_coverage_pct": 99.92163009404389
}