{
  "sweep_id": "sweep_20251230_231247",
  "timestamp": "2025-12-30T23:12:47.527493",
  "n_completed": 10000,
  "n_failed": 0,
  "total_time": 504.4413378238678,
  "best_params": {
    "fast_period": 21,
    "slow_period": 38
  },
  "best_metrics": {
    "total_pnl": 704.2654581347142,
    "total_return_pct": 7.042654581347143,
    "annualized_return": 230.27380037811352,
    "sharpe_ratio": 2.9587878110010823,
    "sortino_ratio": 28.993411687467066,
    "max_drawdown": -3.4703775731810853,
    "account_ruined": false,
    "volatility_annual": 30.492981245339752,
    "cagr": 230.27380037811352,
    "max_drawdown_duration_days": 5.416666666666667,
    "total_trades": 8,
    "win_rate": 50.0,
    "profit_factor": 1.983236176514907,
    "avg_win": 355.1345973134646,
    "avg_loss": -179.06823277978626,
    "largest_win": 584.293888712113,
    "largest_loss": -204.73511264055702,
    "avg_trade_duration_hours": 46.875,
    "expectancy": 88.03318226683919,
    "risk_reward_ratio": 1.983236176514907,
    "calmar_ratio": 66.3541057196942,
    "tier_s": null
  },
  "resource_stats": {
    "cpu_avg": 50.88551587301587,
    "cpu_max": 100.0,
    "memory_max_gb": 19.61365509033203,
    "duration": 504.43833351135254
  }
}