{
  "total_pnl": -10911.831658880472,
  "total_return_pct": -109.1183165888047,
  "sharpe_ratio": 0.8041049237534781,
  "max_drawdown_pct": -100.0,
  "max_drawdown": -100.0,
  "total_trades": 1544,
  "win_rate": 21.373056994818654,
  "win_rate_pct": 21.373056994818654,
  "profit_factor": 0.9340479357352979,
  "data_coverage_pct": 99.85608552631578
}