{
  "total_pnl": 619.5879190856522,
  "total_return_pct": 6.195879190856521,
  "sharpe_ratio": 3.1097419080846453,
  "max_drawdown_pct": -9.482089145326215,
  "total_trades": 79,
  "win_rate_pct": 30.37974683544304,
  "profit_factor": 1.1293737873036285,
  "data_coverage_pct": 100.0
}