{
  "total_pnl": -24533.395229950653,
  "total_return_pct": -245.3339522995065,
  "sharpe_ratio": 0.09581236169748673,
  "max_drawdown_pct": -100.0,
  "max_drawdown": -100.0,
  "total_trades": 581,
  "win_rate": 26.161790017211707,
  "win_rate_pct": 26.161790017211707,
  "profit_factor": 0.628050422431303,
  "data_coverage_pct": 100.0
}