{
  "strategy": "vol_amplitude_breakout",
  "granularity": 0.45,
  "metric": "sharpe",
  "n_combinations": 1,
  "results": [
    {
      "params": {},
      "metrics": {
        "total_pnl": -36904.924282838714,
        "total_return_pct": -369.04924282838715,
        "sharpe_ratio": -0.4208867145236822,
        "max_drawdown_pct": -100.0,
        "max_drawdown": -100.0,
        "total_trades": 1202,
        "win_rate": 27.870216306156404,
        "win_rate_pct": 27.870216306156404,
        "profit_factor": 0.7848822469603113,
        "data_coverage_pct": 99.85608552631578
      },
      "score": -0.4208867145236822
    }
  ]
}