{
  "enabled": true,
  "status": "ok",
  "metric": "sharpe",
  "granularity": 0.3,
  "range_ratio": 0.25,
  "max_combinations_per_seed": 320,
  "top_candidates_seeded": 1,
  "n_unique_evaluated": 1,
  "search_space_estimate": {
    "total_combinations": 1,
    "per_param_counts": {},
    "warnings": [],
    "has_overflow": false,
    "is_continuous": false
  },
  "per_seed_stats": [
    {
      "seed_rank": 1,
      "seed_params": {},
      "n_combinations": 1,
      "status": "ok"
    }
  ],
  "best_candidate": {
    "params": {},
    "metrics": {
      "total_pnl": -36904.924282838714,
      "total_return_pct": -369.04924282838715,
      "sharpe_ratio": -0.4208867145236822,
      "max_drawdown_pct": -100.0,
      "max_drawdown": -100.0,
      "total_trades": 1202,
      "win_rate": 27.870216306156404,
      "win_rate_pct": 27.870216306156404,
      "profit_factor": 0.7848822469603113,
      "data_coverage_pct": 99.85608552631578
    },
    "score": -0.4208867145236822,
    "source": "refine"
  },
  "results_top": [
    {
      "params": {},
      "metrics": {
        "total_pnl": -36904.924282838714,
        "total_return_pct": -369.04924282838715,
        "sharpe_ratio": -0.4208867145236822,
        "max_drawdown_pct": -100.0,
        "max_drawdown": -100.0,
        "total_trades": 1202,
        "win_rate": 27.870216306156404,
        "win_rate_pct": 27.870216306156404,
        "profit_factor": 0.7848822469603113,
        "data_coverage_pct": 99.85608552631578
      },
      "score": -0.4208867145236822,
      "source": "refine"
    }
  ]
}