{
  "total_pnl": -5860.58953708006,
  "total_return_pct": -58.605895370800596,
  "sharpe_ratio": -25.356547610263746,
  "max_drawdown_pct": -58.993405261442035,
  "max_drawdown": -58.993405261442035,
  "total_trades": 279,
  "win_rate": 21.863799283154123,
  "win_rate_pct": 21.863799283154123,
  "profit_factor": 0.5641833620179817,
  "data_coverage_pct": 100.0
}