{
  "total_pnl": -12167.836163366592,
  "total_return_pct": -121.67836163366592,
  "sharpe_ratio": 0.19834886737407684,
  "max_drawdown_pct": -100.0,
  "max_drawdown": -100.0,
  "total_trades": 469,
  "win_rate": 50.74626865671642,
  "win_rate_pct": 50.74626865671642,
  "profit_factor": 0.7979276513077928,
  "data_coverage_pct": 99.85186230248307
}