{
  "total_pnl": -13613.779964581223,
  "total_return_pct": -136.13779964581224,
  "sharpe_ratio": -20.0,
  "max_drawdown_pct": -100.0,
  "max_drawdown": -100.0,
  "total_trades": 620,
  "win_rate": 25.483870967741932,
  "win_rate_pct": 25.483870967741932,
  "profit_factor": 0.4252908596140652,
  "account_ruined": true,
  "sortino_ratio": -20.0,
  "calmar_ratio": -20.0,
  "data_coverage_pct": 100.0
}