{
  "results": [
    {
      "params": {},
      "metrics": {
        "total_pnl": -48316.53469520406,
        "total_return_pct": -483.1653469520407,
        "sharpe_ratio": 0.612232846782179,
        "max_drawdown_pct": -100.0,
        "max_drawdown": -100.0,
        "total_trades": 1321,
        "win_rate": 37.77441332323997,
        "win_rate_pct": 37.77441332323997,
        "profit_factor": 0.7541576333577998,
        "data_coverage_pct": 99.85608552631578
      },
      "score": 0.612232846782179
    }
  ],
  "n_combinations": 1,
  "metric": "sharpe",
  "granularity": 0.45
}