{
  "total_pnl": 12485.524273386036,
  "total_return_pct": 124.85524273386035,
  "sharpe_ratio": 1.201262779666341,
  "max_drawdown_pct": -21.712151190593655,
  "max_drawdown": -21.712151190593655,
  "total_trades": 22,
  "win_rate": 59.09090909090909,
  "win_rate_pct": 59.09090909090909,
  "profit_factor": 3.027857243208208,
  "data_coverage_pct": 100.0
}