{
  "total_pnl": -49577.918343763675,
  "total_return_pct": -495.77918343763673,
  "sharpe_ratio": 0.24823583987189116,
  "max_drawdown_pct": -100.0,
  "max_drawdown": -100.0,
  "total_trades": 853,
  "win_rate": 15.59202813599062,
  "win_rate_pct": 15.59202813599062,
  "profit_factor": 0.5517775104127945,
  "data_coverage_pct": 99.92163009404389
}