{
  "total_pnl": -36028.93378599717,
  "total_return_pct": -360.28933785997174,
  "sharpe_ratio": 0.5716846385442349,
  "max_drawdown_pct": -100.0,
  "max_drawdown": -100.0,
  "total_trades": 2140,
  "win_rate": 22.990654205607477,
  "win_rate_pct": 22.990654205607477,
  "profit_factor": 0.841606365958632,
  "data_coverage_pct": 99.92163009404389
}