{
  "fold_id": 0,
  "train_range": [
    0,
    8952
  ],
  "test_range": [
    10200,
    25812
  ],
  "train_bars": 8952,
  "test_bars": 15612,
  "train_sharpe": 12.156049644947675,
  "test_sharpe": 7.520048050179195,
  "overfitting_ratio": 1.616,
  "execution_time_ms": 41.9
}