{
  "train_sharpe": 12.156049644947675,
  "test_sharpe": 7.520048050179195,
  "overfitting_ratio": 1.616
}