{
  "fold_id": 5,
  "train_range": [
    51000,
    59952
  ],
  "test_range": [
    61200,
    62448
  ],
  "train_bars": 8952,
  "test_bars": 1248,
  "train_sharpe": 0.9454691050265632,
  "test_sharpe": -21.377672490891726,
  "overfitting_ratio": -0.044,
  "execution_time_ms": 110.6
}