{
  "train_sharpe": 0.9454691050265632,
  "test_sharpe": -21.377672490891726,
  "overfitting_ratio": -0.044
}