{
  "total_pnl": -11797.45698023256,
  "total_return_pct": -117.97456980232562,
  "sharpe_ratio": -0.8528804679822153,
  "max_drawdown_pct": -100.0,
  "max_drawdown": -100.0,
  "total_trades": 214,
  "win_rate": 15.42056074766355,
  "win_rate_pct": 15.42056074766355,
  "profit_factor": 0.5819952291755123,
  "data_coverage_pct": 100.0
}