{
  "train_sharpe": 2.7844066800287877,
  "test_sharpe": -20.522033187621904,
  "overfitting_ratio": -0.136
}