{
  "total_pnl": -245.9295836418096,
  "total_return_pct": -2.4592958364180957,
  "sharpe_ratio": -0.04506650917648391,
  "max_drawdown_pct": -13.586827380909872,
  "max_drawdown": -13.586827380909872,
  "total_trades": 47,
  "win_rate": 14.893617021276595,
  "win_rate_pct": 14.893617021276595,
  "profit_factor": 0.9312645240282359,
  "data_coverage_pct": 100.0
}