{
  "results": [
    {
      "params": {
        "fast_period": 12,
        "slow_period": 35,
        "k_sl": 3.0
      },
      "metrics": {
        "total_pnl": -4396.573004263661,
        "total_return_pct": -43.96573004263661,
        "sharpe_ratio": -22.702368485661673,
        "max_drawdown_pct": -55.24782514493385,
        "max_drawdown": -55.24782514493385,
        "total_trades": 201,
        "win_rate": 25.37313432835821,
        "win_rate_pct": 25.37313432835821,
        "profit_factor": 0.5609123370982513,
        "data_coverage_pct": 100.0
      },
      "score": -22.702368485661673
    }
  ],
  "n_combinations": 1,
  "metric": "sharpe",
  "granularity": 1.0
}