{
  "total_pnl": -5926.68863820416,
  "total_return_pct": -59.266886382041605,
  "sharpe_ratio": -4.296201250265556,
  "max_drawdown_pct": -61.803487721454154,
  "max_drawdown": -61.803487721454154,
  "total_trades": 42,
  "win_rate": 2.380952380952381,
  "win_rate_pct": 2.380952380952381,
  "profit_factor": 0.20920616445482995,
  "data_coverage_pct": 100.0
}