{
  "total_pnl": -16031.311214484767,
  "total_return_pct": -160.31311214484768,
  "sharpe_ratio": 0.07159492632086732,
  "max_drawdown_pct": -100.0,
  "max_drawdown": -100.0,
  "total_trades": 261,
  "win_rate": 14.942528735632186,
  "win_rate_pct": 14.942528735632186,
  "profit_factor": 0.4804921004480684,
  "data_coverage_pct": 100.0
}