{
  "total_pnl": -11302.869550162945,
  "total_return_pct": -113.02869550162944,
  "sharpe_ratio": 0.024147949753684384,
  "max_drawdown_pct": -100.0,
  "max_drawdown": -100.0,
  "total_trades": 76,
  "win_rate": 6.578947368421052,
  "win_rate_pct": 6.578947368421052,
  "profit_factor": 0.22379448570977709,
  "data_coverage_pct": 100.0
}