{
  "total_pnl": -18388.80052377536,
  "total_return_pct": -183.88800523775362,
  "sharpe_ratio": -0.5478163255588993,
  "max_drawdown_pct": -100.0,
  "max_drawdown": -100.0,
  "total_trades": 548,
  "win_rate": 23.54014598540146,
  "win_rate_pct": 23.54014598540146,
  "profit_factor": 0.7037917395322508,
  "data_coverage_pct": 100.0
}