{
  "total_pnl": -19791.854296421796,
  "total_return_pct": -197.91854296421795,
  "sharpe_ratio": 0.09337064193588034,
  "max_drawdown_pct": -100.0,
  "max_drawdown": -100.0,
  "total_trades": 1758,
  "win_rate": 24.459613196814562,
  "win_rate_pct": 24.459613196814562,
  "profit_factor": 0.9050179227471484,
  "data_coverage_pct": 99.92163009404389
}