{
  "fold_id": 4,
  "train_range": [
    40800,
    49752
  ],
  "test_range": [
    51000,
    62448
  ],
  "train_bars": 8952,
  "test_bars": 11448,
  "train_sharpe": -10.58321152293094,
  "test_sharpe": -14.942379703831925,
  "overfitting_ratio": 0.708,
  "execution_time_ms": 47.6
}