{
  "train_sharpe": -10.58321152293094,
  "test_sharpe": -14.942379703831925,
  "overfitting_ratio": 0.708
}