{
  "total_pnl": -18034.94604232778,
  "total_return_pct": -180.34946042327783,
  "sharpe_ratio": 0.5290849761564427,
  "max_drawdown_pct": -100.0,
  "max_drawdown": -100.0,
  "total_trades": 405,
  "win_rate": 29.629629629629626,
  "win_rate_pct": 29.629629629629626,
  "profit_factor": 0.7535061431226147,
  "data_coverage_pct": 99.85186230248307
}