{
  "fold_id": 5,
  "train_range": [
    51000,
    59952
  ],
  "test_range": [
    61200,
    62448
  ],
  "train_bars": 8952,
  "test_bars": 1248,
  "train_sharpe": 2.7844066800287877,
  "test_sharpe": -20.522033187621904,
  "overfitting_ratio": -0.136,
  "execution_time_ms": 49.2
}