{
  "total_pnl": 12700.252904899517,
  "total_return_pct": 127.00252904899516,
  "sharpe_ratio": 0.43807927145364706,
  "max_drawdown_pct": -39.57677233016132,
  "total_trades": 560,
  "win_rate_pct": 23.92857142857143,
  "profit_factor": 1.120404368543071,
  "data_coverage_pct": 99.9231950844854
}