{
  "total_pnl": 76028.43802605319,
  "total_return_pct": 760.2843802605319,
  "sharpe_ratio": 0.9840904417410594,
  "max_drawdown_pct": -26.853595909094363,
  "max_drawdown": -26.853595909094363,
  "total_trades": 314,
  "win_rate": 33.75796178343949,
  "win_rate_pct": 33.75796178343949,
  "profit_factor": 1.4395838281261173,
  "data_coverage_pct": 99.92163009404389
}