{
  "fold_id": 1,
  "train_range": [
    10200,
    19152
  ],
  "test_range": [
    20400,
    36012
  ],
  "train_bars": 8952,
  "test_bars": 15612,
  "train_sharpe": 10.956067032580721,
  "test_sharpe": 7.083673119512599,
  "overfitting_ratio": 1.547,
  "execution_time_ms": 53.6
}