{
  "strategy": "rsi_reversal",
  "granularity": 0.5,
  "metric": "sharpe",
  "n_combinations": 27,
  "results": [
    {
      "params": {
        "rsi_period": 5,
        "oversold_level": 40,
        "overbought_level": 60
      },
      "metrics": {
        "total_pnl": -173935.90830416337,
        "total_return_pct": -1739.3590830416335,
        "sharpe_ratio": 0.8490755749709076,
        "max_drawdown_pct": -100.0,
        "max_drawdown": -100.0,
        "total_trades": 5194,
        "win_rate": 48.61378513669619,
        "win_rate_pct": 48.61378513669619,
        "profit_factor": 0.6218677458237932,
        "data_coverage_pct": 93.36543606206527
      },
      "score": 0.8490755749709076
    },
    {
      "params": {
        "rsi_period": 18,
        "oversold_level": 25,
        "overbought_level": 60
      },
      "metrics": {
        "total_pnl": -48884.64787091782,
        "total_return_pct": -488.8464787091782,
        "sharpe_ratio": 0.7968904196111216,
        "max_drawdown_pct": -100.0,
        "max_drawdown": -100.0,
        "total_trades": 717,
        "win_rate": 13.807531380753138,
        "win_rate_pct": 13.807531380753138,
        "profit_factor": 0.6125226164620415,
        "data_coverage_pct": 93.36543606206527
      },
      "score": 0.7968904196111216
    },
    {
      "params": {
        "rsi_period": 30,
        "oversold_level": 40,
        "overbought_level": 75
      },
      "metrics": {
        "total_pnl": 33845.17086649326,
        "total_return_pct": 338.4517086649326,
        "sharpe_ratio": 0.7310490044154128,
        "max_drawdown_pct": -40.98717190440963,
        "max_drawdown": -40.98717190440963,
        "total_trades": 355,
        "win_rate": 18.591549295774648,
        "win_rate_pct": 18.591549295774648,
        "profit_factor": 1.5909215728152457,
        "data_coverage_pct": 93.36543606206527
      },
      "score": 0.7310490044154128
    },
    {
      "params": {
        "rsi_period": 30,
        "oversold_level": 25,
        "overbought_level": 75
      },
      "metrics": {
        "total_pnl": -10303.269236366325,
        "total_return_pct": -103.03269236366323,
        "sharpe_ratio": 0.4587943126477704,
        "max_drawdown_pct": -100.0,
        "max_drawdown": -100.0,
        "total_trades": 87,
        "win_rate": 12.643678160919542,
        "win_rate_pct": 12.643678160919542,
        "profit_factor": 0.40144305366384336,
        "data_coverage_pct": 93.36543606206527
      },
      "score": 0.4587943126477704
    },
    {
      "params": {
        "rsi_period": 18,
        "oversold_level": 25,
        "overbought_level": 90
      },
      "metrics": {
        "total_pnl": 93095.33403567408,
        "total_return_pct": 930.9533403567409,
        "sharpe_ratio": 0.4505638378183746,
        "max_drawdown_pct": -15.532575008180974,
        "max_drawdown": -15.532575008180974,
        "total_trades": 13,
        "win_rate": 23.076923076923077,
        "win_rate_pct": 23.076923076923077,
        "profit_factor": 53.81700039427962,
        "data_coverage_pct": 93.36543606206527
      },
      "score": 0.4505638378183746
    },
    {
      "params": {
        "rsi_period": 18,
        "oversold_level": 40,
        "overbought_level": 90
      },
      "metrics": {
        "total_pnl": 173411.39568593024,
        "total_return_pct": 1734.1139568593026,
        "sharpe_ratio": 0.45049321582999485,
        "max_drawdown_pct": -34.44273695535292,
        "max_drawdown": -34.44273695535292,
        "total_trades": 21,
        "win_rate": 14.285714285714285,
        "win_rate_pct": 14.285714285714285,
        "profit_factor": 41.751386906222464,
        "data_coverage_pct": 93.36543606206527
      },
      "score": 0.45049321582999485
    },
    {
      "params": {
        "rsi_period": 30,
        "oversold_level": 40,
        "overbought_level": 90
      },
      "metrics": {
        "total_pnl": 167689.8092625661,
        "total_return_pct": 1676.898092625661,
        "sharpe_ratio": 0.4496279936979495,
        "max_drawdown_pct": -38.014361513269215,
        "max_drawdown": -38.014361513269215,
        "total_trades": 18,
        "win_rate": 5.555555555555555,
        "win_rate_pct": 5.555555555555555,
        "profit_factor": 45.112225639784214,
        "data_coverage_pct": 93.36543606206527
      },
      "score": 0.4496279936979495
    },
    {
      "params": {
        "rsi_period": 18,
        "oversold_level": 40,
        "overbought_level": 60
      },
      "metrics": {
        "total_pnl": -53934.86842294756,
        "total_return_pct": -539.3486842294756,
        "sharpe_ratio": 0.42025843831779053,
        "max_drawdown_pct": -100.0,
        "max_drawdown": -100.0,
        "total_trades": 1630,
        "win_rate": 27.23926380368098,
        "win_rate_pct": 27.23926380368098,
        "profit_factor": 0.7624263949646166,
        "data_coverage_pct": 93.36543606206527
      },
      "score": 0.42025843831779053
    },
    {
      "params": {
        "rsi_period": 18,
        "oversold_level": 10,
        "overbought_level": 60
      },
      "metrics": {
        "total_pnl": -31392.232255266452,
        "total_return_pct": -313.9223225526645,
        "sharpe_ratio": 0.4166869808087083,
        "max_drawdown_pct": -100.0,
        "max_drawdown": -100.0,
        "total_trades": 202,
        "win_rate": 3.4653465346534658,
        "win_rate_pct": 3.4653465346534658,
        "profit_factor": 0.1962184503024337,
        "data_coverage_pct": 93.36543606206527
      },
      "score": 0.4166869808087083
    },
    {
      "params": {
        "rsi_period": 5,
        "oversold_level": 25,
        "overbought_level": 60
      },
      "metrics": {
        "total_pnl": -113948.95200477053,
        "total_return_pct": -1139.4895200477054,
        "sharpe_ratio": 0.4148016795476136,
        "max_drawdown_pct": -100.0,
        "max_drawdown": -100.0,
        "total_trades": 3438,
        "win_rate": 40.98312972658522,
        "win_rate_pct": 40.98312972658522,
        "profit_factor": 0.7024798337973265,
        "data_coverage_pct": 93.36543606206527
      },
      "score": 0.4148016795476136
    },
    {
      "params": {
        "rsi_period": 5,
        "oversold_level": 40,
        "overbought_level": 90
      },
      "metrics": {
        "total_pnl": -22722.56135929582,
        "total_return_pct": -227.22561359295824,
        "sharpe_ratio": 0.41161076403153124,
        "max_drawdown_pct": -100.0,
        "max_drawdown": -100.0,
        "total_trades": 1503,
        "win_rate": 26.679973386560214,
        "win_rate_pct": 26.679973386560214,
        "profit_factor": 0.8914606470392793,
        "data_coverage_pct": 93.36543606206527
      },
      "score": 0.41161076403153124
    },
    {
      "params": {
        "rsi_period": 30,
        "oversold_level": 25,
        "overbought_level": 60
      },
      "metrics": {
        "total_pnl": -30576.973295083546,
        "total_return_pct": -305.7697329508355,
        "sharpe_ratio": 0.33411110459298826,
        "max_drawdown_pct": -100.0,
        "max_drawdown": -100.0,
        "total_trades": 403,
        "win_rate": 10.669975186104217,
        "win_rate_pct": 10.669975186104217,
        "profit_factor": 0.5821690422065773,
        "data_coverage_pct": 93.36543606206527
      },
      "score": 0.33411110459298826
    },
    {
      "params": {
        "rsi_period": 5,
        "oversold_level": 25,
        "overbought_level": 75
      },
      "metrics": {
        "total_pnl": -88652.38863736346,
        "total_return_pct": -886.5238863736346,
        "sharpe_ratio": 0.2473852914402201,
        "max_drawdown_pct": -100.0,
        "max_drawdown": -100.0,
        "total_trades": 2720,