{
  "strategy": "ema_cross",
  "granularity": 0.5,
  "metric": "sharpe",
  "n_combinations": 27,
  "results": [
    {
      "params": {
        "fast_period": 5,
        "slow_period": 50,
        "k_sl": 3.0
      },
      "metrics": {
        "total_pnl": -10911.831658880472,
        "total_return_pct": -109.1183165888047,
        "sharpe_ratio": 0.8041049237534781,
        "max_drawdown_pct": -100.0,
        "max_drawdown": -100.0,
        "total_trades": 1544,
        "win_rate": 21.373056994818654,
        "win_rate_pct": 21.373056994818654,
        "profit_factor": 0.9340479357352979,
        "data_coverage_pct": 99.85608552631578
      },
      "score": 0.8041049237534781
    },
    {
      "params": {
        "fast_period": 5,
        "slow_period": 35,
        "k_sl": 1.0
      },
      "metrics": {
        "total_pnl": -31169.95375982053,
        "total_return_pct": -311.6995375982053,
        "sharpe_ratio": 0.7629944995086567,
        "max_drawdown_pct": -100.0,
        "max_drawdown": -100.0,
        "total_trades": 1986,
        "win_rate": 18.479355488418932,
        "win_rate_pct": 18.479355488418932,
        "profit_factor": 0.8156934709637537,
        "data_coverage_pct": 99.85608552631578
      },
      "score": 0.7629944995086567
    },
    {
      "params": {
        "fast_period": 5,
        "slow_period": 20,
        "k_sl": 3.0
      },
      "metrics": {
        "total_pnl": -64061.98356354575,
        "total_return_pct": -640.6198356354575,
        "sharpe_ratio": 0.5297258283251793,
        "max_drawdown_pct": -100.0,
        "max_drawdown": -100.0,
        "total_trades": 2708,
        "win_rate": 20.642540620384047,
        "win_rate_pct": 20.642540620384047,
        "profit_factor": 0.7506349168201508,
        "data_coverage_pct": 99.85608552631578
      },
      "score": 0.5297258283251793
    },
    {
      "params": {
        "fast_period": 5,
        "slow_period": 50,
        "k_sl": 5.0
      },
      "metrics": {
        "total_pnl": -11610.651294697442,
        "total_return_pct": -116.10651294697443,
        "sharpe_ratio": 0.4848484377849585,
        "max_drawdown_pct": -100.0,
        "max_drawdown": -100.0,
        "total_trades": 1544,
        "win_rate": 21.308290155440414,
        "win_rate_pct": 21.308290155440414,
        "profit_factor": 0.9308273963966419,
        "data_coverage_pct": 99.85608552631578
      },
      "score": 0.4848484377849585
    },
    {
      "params": {
        "fast_period": 20,
        "slow_period": 50,
        "k_sl": 1.0
      },
      "metrics": {
        "total_pnl": -9926.303184272794,
        "total_return_pct": -99.26303184272794,
        "sharpe_ratio": 0.4425901543509509,
        "max_drawdown_pct": -100.0,
        "max_drawdown": -100.0,
        "total_trades": 792,
        "win_rate": 16.161616161616163,
        "win_rate_pct": 16.161616161616163,
        "profit_factor": 0.8737444920493743,
        "data_coverage_pct": 99.85608552631578
      },
      "score": 0.4425901543509509
    },
    {
      "params": {
        "fast_period": 20,
        "slow_period": 50,
        "k_sl": 3.0
      },
      "metrics": {
        "total_pnl": 6730.458621906982,
        "total_return_pct": 67.30458621906983,
        "sharpe_ratio": 0.428906030720566,
        "max_drawdown_pct": -45.72694069927975,
        "max_drawdown": -45.72694069927975,
        "total_trades": 792,
        "win_rate": 23.737373737373737,
        "win_rate_pct": 23.737373737373737,
        "profit_factor": 1.0578804272189843,
        "data_coverage_pct": 99.85608552631578
      },
      "score": 0.428906030720566
    },
    {
      "params": {
        "fast_period": 20,
        "slow_period": 35,
        "k_sl": 3.0
      },
      "metrics": {
        "total_pnl": 5079.861845225372,
        "total_return_pct": 50.79861845225372,
        "sharpe_ratio": 0.39069562808596997,
        "max_drawdown_pct": -46.45105182688048,
        "max_drawdown": -46.45105182688048,
        "total_trades": 954,
        "win_rate": 25.157232704402517,
        "win_rate_pct": 25.157232704402517,
        "profit_factor": 1.0395824327297767,
        "data_coverage_pct": 99.85608552631578
      },
      "score": 0.39069562808596997
    },
    {
      "params": {
        "fast_period": 20,
        "slow_period": 35,
        "k_sl": 5.0
      },
      "metrics": {
        "total_pnl": 3657.871050430811,
        "total_return_pct": 36.57871050430811,
        "sharpe_ratio": 0.3560325008047171,
        "max_drawdown_pct": -50.88863256987518,
        "max_drawdown": -50.88863256987518,
        "total_trades": 954,
        "win_rate": 25.471698113207548,
        "win_rate_pct": 25.471698113207548,
        "profit_factor": 1.0274583606240228,
        "data_coverage_pct": 99.85608552631578
      },
      "score": 0.3560325008047171
    },
    {
      "params": {
        "fast_period": 20,
        "slow_period": 50,
        "k_sl": 5.0
      },
      "metrics": {
        "total_pnl": 2617.3795891128775,
        "total_return_pct": 26.173795891128776,
        "sharpe_ratio": 0.3232491067573548,
        "max_drawdown_pct": -59.04284805380243,
        "max_drawdown": -59.04284805380243,
        "total_trades": 792,
        "win_rate": 23.863636363636363,
        "win_rate_pct": 23.863636363636363,
        "profit_factor": 1.0212907509526332,
        "data_coverage_pct": 99.85608552631578
      },
      "score": 0.3232491067573548
    },
    {
      "params": {
        "fast_period": 12,
        "slow_period": 35,
        "k_sl": 5.0
      },
      "metrics": {
        "total_pnl": -6862.74288430135,
        "total_return_pct": -68.6274288430135,
        "sharpe_ratio": 0.28349153822337875,
        "max_drawdown_pct": -98.23528228462244,
        "max_drawdown": -98.23528228462244,
        "total_trades": 1248,
        "win_rate": 24.599358974358974,
        "win_rate_pct": 24.599358974358974,
        "profit_factor": 0.9566614686492357,
        "data_coverage_pct": 99.85608552631578
      },
      "score": 0.28349153822337875
    },
    {
      "params": {
        "fast_period": 12,
        "slow_period": 50,
        "k_sl": 3.0
      },
      "metrics": {
        "total_pnl": 425.3362565294665,
        "total_return_pct": 4.2533625652946645,
        "sharpe_ratio": 0.2605580619800692,
        "max_drawdown_pct": -66.79351040099989,
        "max_drawdown": -66.79351040099989,
        "total_trades": 1020,
        "win_rate": 23.333333333333332,
        "win_rate_pct": 23.333333333333332,
        "profit_factor": 1.0031611277826715,
        "data_coverage_pct": 99.85608552631578
      },
      "score": 0.2605580619800692
    },
    {
      "params": {
        "fast_period": 12,
        "slow_period": 50,
        "k_sl": 5.0
      },
      "metrics": {
        "total_pnl": -1145.8130869806773,
        "total_return_pct": -11.458130869806773,
        "sharpe_ratio": 0.21511853583124102,
        "max_drawdown_pct": -73.04146256036334,
        "max_drawdown": -73.04146256036334,
        "total_trades": 1020,
        "win_rate": 23.431372549019606,
        "win_rate_pct": 23.431372549019606,
        "profit_factor": 0.9917481349864172,
        "data_coverage_pct": 99.85608552631578
      },
      "score": 0.21511853583124102
    },
    {
      "params": {
        "fast_period": 12,
        "slow_period": 35,
        "k_sl": 3.0
      },
      "metrics": {
        "total_pnl": -3672.463352935475,
        "total_return_pct": -36.72463352935475,
        "sharpe_ratio": 0.16238427238101225,
        "max_drawdown_pct": -82.74394566580781,
        "max_drawdown": -82.74394566580781,
        "total_trades": 1248,
        "win_rate": 24.439102564102562,
        "win_rate_pct": 24.439102564102562,