{
  "fold_id": 3,
  "train_range": [
    30600,
    39552
  ],
  "test_range": [
    40800,
    56412
  ],
  "train_bars": 8952,
  "test_bars": 15612,
  "train_sharpe": -6.919883800950144,
  "test_sharpe": -4.052253600578868,
  "overfitting_ratio": 1.708,
  "execution_time_ms": 46.7
}