{
  "train_sharpe": -6.919883800950144,
  "test_sharpe": -4.052253600578868,
  "overfitting_ratio": 1.708
}