{
  "train_sharpe": 10.956067032580721,
  "test_sharpe": 7.083673119512599,
  "overfitting_ratio": 1.547
}