{
  "total_pnl": -17571.36241722658,
  "total_return_pct": -175.7136241722658,
  "sharpe_ratio": 0.26327120433105067,
  "max_drawdown_pct": -100.0,
  "max_drawdown": -100.0,
  "total_trades": 660,
  "win_rate": 21.818181818181817,
  "win_rate_pct": 21.818181818181817,
  "profit_factor": 0.7219018339767735,
  "data_coverage_pct": 100.0
}