{
  "total_pnl": -15940.02993081284,
  "total_return_pct": -159.4002993081284,
  "sharpe_ratio": 6.09412960246421,
  "max_drawdown_pct": -100.0,
  "max_drawdown": -100.0,
  "total_trades": 613,
  "win_rate": 17.61827079934747,
  "win_rate_pct": 17.61827079934747,
  "profit_factor": 0.39606133488957657,
  "data_coverage_pct": 100.0
}