{
  "total_pnl": 3616.0070294601755,
  "total_return_pct": 36.16007029460175,
  "sharpe_ratio": 0.5914191943030598,
  "max_drawdown_pct": -30.51670089534722,
  "max_drawdown": -30.51670089534722,
  "total_trades": 110,
  "win_rate": 28.18181818181818,
  "win_rate_pct": 28.18181818181818,
  "profit_factor": 1.1440079261849543,
  "data_coverage_pct": 100.0
}