{
  "fold_id": 3,
  "train_range": [
    30600,
    39552
  ],
  "test_range": [
    40800,
    56412
  ],
  "train_bars": 8952,
  "test_bars": 15612,
  "train_sharpe": -4.544902644518299,
  "test_sharpe": -13.98491906556242,
  "overfitting_ratio": 0.325,
  "execution_time_ms": 49.4
}