{
  "train_sharpe": -4.544902644518299,
  "test_sharpe": -13.98491906556242,
  "overfitting_ratio": 0.325
}