{
  "fold_id": 2,
  "train_range": [
    20400,
    29352
  ],
  "test_range": [
    30600,
    46212
  ],
  "train_bars": 8952,
  "test_bars": 15612,
  "train_sharpe": 3.147103505294532,
  "test_sharpe": 4.367431797723727,
  "overfitting_ratio": 0.721,
  "execution_time_ms": 51.4
}