{
  "train_sharpe": 3.147103505294532,
  "test_sharpe": 4.367431797723727,
  "overfitting_ratio": 0.721
}