{
  "fold_id": 5,
  "train_range": [
    51000,
    59952
  ],
  "test_range": [
    61200,
    62448
  ],
  "train_bars": 8952,
  "test_bars": 1248,
  "train_sharpe": 8.03470813489831,
  "test_sharpe": -49.04637399090037,
  "overfitting_ratio": -0.164,
  "execution_time_ms": 33.0
}