{
  "train_sharpe": 8.03470813489831,
  "test_sharpe": -49.04637399090037,
  "overfitting_ratio": -0.164
}