{
  "total_pnl": 12075.781825699705,
  "total_return_pct": 120.75781825699706,
  "sharpe_ratio": 0.6292935413048563,
  "max_drawdown_pct": -14.507192583949521,
  "max_drawdown": -14.507192583949521,
  "total_trades": 174,
  "win_rate": 20.689655172413794,
  "win_rate_pct": 20.689655172413794,
  "profit_factor": 1.5051656490400656,
  "data_coverage_pct": 99.92163009404389
}