{
  "total_pnl": -3672.463352935475,
  "total_return_pct": -36.72463352935475,
  "sharpe_ratio": 0.16238427238101225,
  "max_drawdown_pct": -82.74394566580781,
  "max_drawdown": -82.74394566580781,
  "total_trades": 1248,
  "win_rate": 24.439102564102562,
  "win_rate_pct": 24.439102564102562,
  "profit_factor": 0.9757984998929827,
  "data_coverage_pct": 99.85608552631578
}