{
  "total_pnl": 53315.48786065104,
  "total_return_pct": 533.1548786065105,
  "sharpe_ratio": 0.9260382710568051,
  "max_drawdown_pct": -39.72287149093085,
  "max_drawdown": -39.72287149093085,
  "total_trades": 256,
  "win_rate": 36.71875,
  "win_rate_pct": 36.71875,
  "profit_factor": 1.3761770318882438,
  "data_coverage_pct": 99.92163009404389
}