{
  "fold_id": 0,
  "train_range": [
    0,
    8952
  ],
  "test_range": [
    10200,
    25812
  ],
  "train_bars": 8952,
  "test_bars": 15612,
  "train_sharpe": 11.046385855420361,
  "test_sharpe": 7.200602391509464,
  "overfitting_ratio": 1.534,
  "execution_time_ms": 57.8
}