{
  "train_sharpe": 11.046385855420361,
  "test_sharpe": 7.200602391509464,
  "overfitting_ratio": 1.534
}