{
  "total_pnl": -2309.698122833628,
  "total_return_pct": -23.09698122833628,
  "sharpe_ratio": -31.535085571031956,
  "max_drawdown_pct": -24.863110789373227,
  "max_drawdown": -24.863110789373227,
  "total_trades": 93,
  "win_rate": 18.27956989247312,
  "win_rate_pct": 18.27956989247312,
  "profit_factor": 0.4977839721672837,
  "data_coverage_pct": 100.0
}