{
  "fold_id": 5,
  "train_range": [
    51000,
    59952
  ],
  "test_range": [
    61200,
    62448
  ],
  "train_bars": 8952,
  "test_bars": 1248,
  "train_sharpe": 2.802565904280731,
  "test_sharpe": -36.72905400841989,
  "overfitting_ratio": -0.076,
  "execution_time_ms": 32.0
}