{
  "train_sharpe": 2.802565904280731,
  "test_sharpe": -36.72905400841989,
  "overfitting_ratio": -0.076
}