{
  "fold_id": 3,
  "train_range": [
    30600,
    39552
  ],
  "test_range": [
    40800,
    56412
  ],
  "train_bars": 8952,
  "test_bars": 15612,
  "train_sharpe": 8.477534706591362,
  "test_sharpe": -0.9861490883573029,
  "overfitting_ratio": -8.597,
  "execution_time_ms": 13.2
}