{
  "train_sharpe": 8.477534706591362,
  "test_sharpe": -0.9861490883573029,
  "overfitting_ratio": -8.597
}