{
  "fold_id": 4,
  "train_range": [
    40800,
    49752
  ],
  "test_range": [
    51000,
    62448
  ],
  "train_bars": 8952,
  "test_bars": 11448,
  "train_sharpe": 16.483766864287077,
  "test_sharpe": -1.6933145988152747,
  "overfitting_ratio": -9.735,
  "execution_time_ms": 35.5
}