{
  "train_sharpe": 16.483766864287077,
  "test_sharpe": -1.6933145988152747,
  "overfitting_ratio": -9.735
}