{
  "fold_id": 0,
  "train_range": [
    0,
    8952
  ],
  "test_range": [
    10200,
    25812
  ],
  "train_bars": 8952,
  "test_bars": 15612,
  "train_sharpe": 8.265376618663435,
  "test_sharpe": -7.932388112204557,
  "overfitting_ratio": -1.042,
  "execution_time_ms": 42.9
}