{
  "train_sharpe": 8.265376618663435,
  "test_sharpe": -7.932388112204557,
  "overfitting_ratio": -1.042
}