{
  "total_pnl": 51978.53038562603,
  "total_return_pct": 519.7853038562603,
  "sharpe_ratio": 1.0681894630863356,
  "max_drawdown_pct": -40.69508669137271,
  "max_drawdown": -40.69508669137271,
  "total_trades": 176,
  "win_rate": 38.63636363636363,
  "win_rate_pct": 38.63636363636363,
  "profit_factor": 1.5030398674242957,
  "data_coverage_pct": 99.85608552631578
}