{
  "total_pnl": -33224.40107721489,
  "total_return_pct": -332.2440107721489,
  "sharpe_ratio": 0.9704847587449725,
  "max_drawdown_pct": -100.0,
  "max_drawdown": -100.0,
  "total_trades": 609,
  "win_rate": 15.92775041050903,
  "win_rate_pct": 15.92775041050903,
  "profit_factor": 0.5924797083138174,
  "data_coverage_pct": 99.85608552631578
}