{
  "total_pnl": -71491.20307739476,
  "total_return_pct": -714.9120307739477,
  "sharpe_ratio": -0.7009467360293007,
  "max_drawdown_pct": -100.0,
  "max_drawdown": -100.0,
  "total_trades": 2153,
  "win_rate": 49.37296795169531,
  "win_rate_pct": 49.37296795169531,
  "profit_factor": 0.5832270758879217,
  "data_coverage_pct": 100.0
}