{
  "fold_id": 3,
  "train_range": [
    30600,
    39552
  ],
  "test_range": [
    40800,
    56412
  ],
  "train_bars": 8952,
  "test_bars": 15612,
  "train_sharpe": 8.75090086502796,
  "test_sharpe": -0.4528247189219635,
  "overfitting_ratio": -19.325,
  "execution_time_ms": 54.2
}