{
  "train_sharpe": -2.5295587793059764,
  "test_sharpe": -0.42805482598877354,
  "overfitting_ratio": 5.909
}