{
  "fold_id": 5,
  "train_range": [
    51000,
    59952
  ],
  "test_range": [
    61200,
    62448
  ],
  "train_bars": 8952,
  "test_bars": 1248,
  "train_sharpe": -14.575290086802724,
  "test_sharpe": -13.836947399487011,
  "overfitting_ratio": 1.053,
  "execution_time_ms": 46.0
}