{
  "train_sharpe": -14.575290086802724,
  "test_sharpe": -13.836947399487011,
  "overfitting_ratio": 1.053
}