{
  "total_pnl": -4609.965667627218,
  "total_return_pct": -46.099656676272176,
  "sharpe_ratio": -0.5117289939190938,
  "max_drawdown_pct": -50.514962681171106,
  "max_drawdown": -50.514962681171106,
  "total_trades": 213,
  "win_rate": 48.82629107981221,
  "win_rate_pct": 48.82629107981221,
  "profit_factor": 0.8709159664596331,
  "data_coverage_pct": 100.0
}