{
  "total_pnl": 2906.947573172347,
  "total_return_pct": 29.06947573172347,
  "sharpe_ratio": 0.7034434337310596,
  "max_drawdown_pct": -10.636326144451854,
  "max_drawdown": -10.636326144451854,
  "total_trades": 143,
  "win_rate": 51.048951048951054,
  "win_rate_pct": 51.048951048951054,
  "profit_factor": 1.449703602108327,
  "data_coverage_pct": 99.85608552631578
}