{
  "total_pnl": -27018.8795073095,
  "total_return_pct": -270.188795073095,
  "sharpe_ratio": 0.8051960989107626,
  "max_drawdown_pct": -100.0,
  "max_drawdown": -100.0,
  "total_trades": 484,
  "win_rate": 14.669421487603307,
  "win_rate_pct": 14.669421487603307,
  "profit_factor": 0.6483435190125233,
  "data_coverage_pct": 99.85608552631578
}