{
  "total_pnl": -26145.930589073007,
  "total_return_pct": -261.45930589073004,
  "sharpe_ratio": 0.6838213576350882,
  "max_drawdown_pct": -100.0,
  "max_drawdown": -100.0,
  "total_trades": 2162,
  "win_rate": 21.83163737280296,
  "win_rate_pct": 21.83163737280296,
  "profit_factor": 0.883120312845212,
  "data_coverage_pct": 99.92163009404389
}