{
  "fold_id": 4,
  "train_range": [
    40800,
    49752
  ],
  "test_range": [
    51000,
    62448
  ],
  "train_bars": 8952,
  "test_bars": 11448,
  "train_sharpe": -5.155347449792026,
  "test_sharpe": -7.945190628841781,
  "overfitting_ratio": 0.649,
  "execution_time_ms": 115.6
}