{
  "train_sharpe": -5.155347449792026,
  "test_sharpe": -7.945190628841781,
  "overfitting_ratio": 0.649
}