{
  "train_sharpe": 15.253557675866624,
  "test_sharpe": -1.9261640949731222,
  "overfitting_ratio": -7.919
}