{
  "total_pnl": -58517.84445229533,
  "total_return_pct": -585.1784445229532,
  "sharpe_ratio": 0.2972429390941752,
  "max_drawdown_pct": -100.0,
  "max_drawdown": -100.0,
  "total_trades": 1758,
  "win_rate": 27.588168373151305,
  "win_rate_pct": 27.588168373151305,
  "profit_factor": 0.7493957775562997,
  "data_coverage_pct": 99.92163009404389
}