{
  "fold_id": 1,
  "train_range": [
    10200,
    19152
  ],
  "test_range": [
    20400,
    36012
  ],
  "train_bars": 8952,
  "test_bars": 15612,
  "train_sharpe": -2.1359522375063036,
  "test_sharpe": 7.488808373289651,
  "overfitting_ratio": -0.285,
  "execution_time_ms": 38.3
}