{
  "train_sharpe": -2.1359522375063036,
  "test_sharpe": 7.488808373289651,
  "overfitting_ratio": -0.285
}