{
  "fold_id": 1,
  "train_range": [
    10200,
    19152
  ],
  "test_range": [
    20400,
    36012
  ],
  "train_bars": 8952,
  "test_bars": 15612,
  "train_sharpe": -6.288616766299188,
  "test_sharpe": -2.7465462325328693,
  "overfitting_ratio": 2.29,
  "execution_time_ms": 130.3
}