{
  "train_sharpe": -6.288616766299188,
  "test_sharpe": -2.7465462325328693,
  "overfitting_ratio": 2.29
}