{
  "total_pnl": 413.9342477099053,
  "total_return_pct": 4.139342477099054,
  "sharpe_ratio": 0.819699919368924,
  "max_drawdown_pct": 0.0,
  "max_drawdown": 0.0,
  "total_trades": 1,
  "win_rate": 100.0,
  "win_rate_pct": 100.0,
  "profit_factor": Infinity,
  "data_coverage_pct": 31.5098124516628
}