{
  "total_pnl": 41574.738001196965,
  "total_return_pct": 415.74738001196965,
  "sharpe_ratio": 0.8901550398082455,
  "max_drawdown_pct": -24.62589647667956,
  "max_drawdown": -24.62589647667956,
  "total_trades": 285,
  "win_rate": 31.57894736842105,
  "win_rate_pct": 31.57894736842105,
  "profit_factor": 1.5147482160738115,
  "data_coverage_pct": 99.92163009404389
}