{
  "total_pnl": -14452.455800428133,
  "total_return_pct": -144.52455800428135,
  "sharpe_ratio": -20.0,
  "max_drawdown_pct": -100.0,
  "total_trades": 600,
  "win_rate_pct": 23.666666666666668,
  "profit_factor": 0.4241859547473879,
  "account_ruined": true,
  "sortino_ratio": -20.0,
  "calmar_ratio": -20.0,
  "data_coverage_pct": 100.0
}