{
  "total_pnl": -30028.626265351275,
  "total_return_pct": -300.2862626535128,
  "sharpe_ratio": -0.5934595398210762,
  "max_drawdown_pct": -100.0,
  "max_drawdown": -100.0,
  "total_trades": 1022,
  "win_rate": 23.679060665362034,
  "win_rate_pct": 23.679060665362034,
  "profit_factor": 0.7983743775801897,
  "data_coverage_pct": 93.14102564102565
}