{
  "fold_id": 1,
  "train_range": [
    10200,
    19152
  ],
  "test_range": [
    20400,
    36012
  ],
  "train_bars": 8952,
  "test_bars": 15612,
  "train_sharpe": 10.904869259664398,
  "test_sharpe": 7.196445690529744,
  "overfitting_ratio": 1.515,
  "execution_time_ms": 13.2
}