{
  "train_sharpe": 10.904869259664398,
  "test_sharpe": 7.196445690529744,
  "overfitting_ratio": 1.515
}