{
  "fold_id": 2,
  "train_range": [
    20400,
    29352
  ],
  "test_range": [
    30600,
    46212
  ],
  "train_bars": 8952,
  "test_bars": 15612,
  "train_sharpe": -2.604349853519031,
  "test_sharpe": 8.974120894496147,
  "overfitting_ratio": -0.29,
  "execution_time_ms": 128.3
}