{
  "train_sharpe": -2.604349853519031,
  "test_sharpe": 8.974120894496147,
  "overfitting_ratio": -0.29
}