{
  "total_pnl": -695.6270695175044,
  "total_return_pct": -6.956270695175045,
  "sharpe_ratio": 0.26458706441290913,
  "max_drawdown_pct": -61.62609482267446,
  "max_drawdown": -61.62609482267446,
  "total_trades": 131,
  "win_rate": 28.24427480916031,
  "win_rate_pct": 28.24427480916031,
  "profit_factor": 0.9881833007708017,
  "data_coverage_pct": 100.0
}