{
  "fold_id": 3,
  "train_range": [
    30600,
    39552
  ],
  "test_range": [
    40800,
    56412
  ],
  "train_bars": 8952,
  "test_bars": 15612,
  "train_sharpe": 11.76247759843572,
  "test_sharpe": 10.645289524610511,
  "overfitting_ratio": 1.105,
  "execution_time_ms": 148.8
}