{
  "train_sharpe": 11.76247759843572,
  "test_sharpe": 10.645289524610511,
  "overfitting_ratio": 1.105
}