{
  "fold_id": 2,
  "train_range": [
    20400,
    29352
  ],
  "test_range": [
    30600,
    46212
  ],
  "train_bars": 8952,
  "test_bars": 15612,
  "train_sharpe": 2.861583276494289,
  "test_sharpe": 3.9449116636816113,
  "overfitting_ratio": 0.725,
  "execution_time_ms": 11.2
}