{
  "train_sharpe": 2.861583276494289,
  "test_sharpe": 3.9449116636816113,
  "overfitting_ratio": 0.725
}