{
  "total_pnl": -5783.586651986888,
  "total_return_pct": -57.83586651986887,
  "sharpe_ratio": -25.851770450894772,
  "max_drawdown_pct": -57.83586651986887,
  "max_drawdown": -57.83586651986887,
  "total_trades": 251,
  "win_rate": 22.709163346613543,
  "win_rate_pct": 22.709163346613543,
  "profit_factor": 0.5439047413255655,
  "data_coverage_pct": 100.0
}