{
  "fold_id": 0,
  "train_range": [
    0,
    8952
  ],
  "test_range": [
    10200,
    25812
  ],
  "train_bars": 8952,
  "test_bars": 15612,
  "train_sharpe": 13.977023882577265,
  "test_sharpe": 6.20419432020039,
  "overfitting_ratio": 2.253,
  "execution_time_ms": 165.3
}