{
  "train_sharpe": 13.977023882577265,
  "test_sharpe": 6.20419432020039,
  "overfitting_ratio": 2.253
}