{
  "train_sharpe": 5.163886919610857,
  "test_sharpe": -9.670353220675697,
  "overfitting_ratio": -0.534
}