{
  "fold_id": 3,
  "train_range": [
    30600,
    39552
  ],
  "test_range": [
    40800,
    56412
  ],
  "train_bars": 8952,
  "test_bars": 15612,
  "train_sharpe": 6.724252327126514,
  "test_sharpe": -5.343903916443373,
  "overfitting_ratio": -1.258,
  "execution_time_ms": 127.0
}