{
  "train_sharpe": 6.724252327126514,
  "test_sharpe": -5.343903916443373,
  "overfitting_ratio": -1.258
}