{
  "fold_id": 4,
  "train_range": [
    40800,
    49752
  ],
  "test_range": [
    51000,
    62448
  ],
  "train_bars": 8952,
  "test_bars": 11448,
  "train_sharpe": -6.508518642008761,
  "test_sharpe": -4.258972708986958,
  "overfitting_ratio": 1.528,
  "execution_time_ms": 38.8
}