{
  "train_sharpe": -6.508518642008761,
  "test_sharpe": -4.258972708986958,
  "overfitting_ratio": 1.528
}