{
  "train_sharpe": 8.75090086502796,
  "test_sharpe": -0.4528247189219635,
  "overfitting_ratio": -19.325
}