{
  "fold_id": 2,
  "train_range": [
    20400,
    29352
  ],
  "test_range": [
    30600,
    46212
  ],
  "train_bars": 8952,
  "test_bars": 15612,
  "train_sharpe": 2.5990653150407246,
  "test_sharpe": 8.795695143883458,
  "overfitting_ratio": 0.295,
  "execution_time_ms": 56.8
}