{
  "train_sharpe": 2.5990653150407246,
  "test_sharpe": 8.795695143883458,
  "overfitting_ratio": 0.295
}