{
  "fold_id": 4,
  "train_range": [
    40800,
    49752
  ],
  "test_range": [
    51000,
    62448
  ],
  "train_bars": 8952,
  "test_bars": 11448,
  "train_sharpe": 15.253557675866624,
  "test_sharpe": -1.9261640949731222,
  "overfitting_ratio": -7.919,
  "execution_time_ms": 136.6
}