{
  "fold_id": 1,
  "train_range": [
    10200,
    19152
  ],
  "test_range": [
    20400,
    36012
  ],
  "train_bars": 8952,
  "test_bars": 15612,
  "train_sharpe": 9.772024097823918,
  "test_sharpe": 2.9036698028568377,
  "overfitting_ratio": 3.365,
  "execution_time_ms": 36.6
}