{
  "train_sharpe": 9.772024097823918,
  "test_sharpe": 2.9036698028568377,
  "overfitting_ratio": 3.365
}