{
  "total_pnl": -18506.734000335175,
  "total_return_pct": -185.06734000335175,
  "sharpe_ratio": -0.49808453914842304,
  "max_drawdown_pct": -100.0,
  "max_drawdown": -100.0,
  "total_trades": 116,
  "win_rate": 1.7241379310344827,
  "win_rate_pct": 1.7241379310344827,
  "profit_factor": 0.1009299214664283,
  "data_coverage_pct": 100.0
}