{
  "total_pnl": -7558.306954892891,
  "total_return_pct": -75.5830695489289,
  "sharpe_ratio": 0.04513405521257746,
  "max_drawdown_pct": -100.0,
  "max_drawdown": -100.0,
  "total_trades": 654,
  "win_rate": 31.65137614678899,
  "win_rate_pct": 31.65137614678899,
  "profit_factor": 0.9242479052331718,
  "data_coverage_pct": 99.85186230248307
}