{
  "fold_id": 3,
  "train_range": [
    30600,
    39552
  ],
  "test_range": [
    40800,
    56412
  ],
  "train_bars": 8952,
  "test_bars": 15612,
  "train_sharpe": 9.559836365530408,
  "test_sharpe": 12.174264315788758,
  "overfitting_ratio": 0.785,
  "execution_time_ms": 38.1
}