{
  "train_sharpe": 9.559836365530408,
  "test_sharpe": 12.174264315788758,
  "overfitting_ratio": 0.785
}