{
  "total_pnl": 1070.5874814568851,
  "total_return_pct": 10.705874814568851,
  "sharpe_ratio": 0.6941144864880457,
  "max_drawdown_pct": -6.810166163331386,
  "max_drawdown": -6.810166163331386,
  "total_trades": 11,
  "win_rate": 36.36363636363637,
  "win_rate_pct": 36.36363636363637,
  "profit_factor": 1.503626156276013,
  "data_coverage_pct": 100.0
}