{
  "total_pnl": -68317.07754389431,
  "total_return_pct": -683.1707754389431,
  "sharpe_ratio": 0.2915276430698558,
  "max_drawdown_pct": -100.0,
  "max_drawdown": -100.0,
  "total_trades": 1911,
  "win_rate": 38.35688121402407,
  "win_rate_pct": 38.35688121402407,
  "profit_factor": 0.7380337971769604,
  "data_coverage_pct": 99.92163009404389
}