{
  "total_pnl": -16646.56830535453,
  "total_return_pct": -166.4656830535453,
  "sharpe_ratio": 0.6730178875932076,
  "max_drawdown_pct": -100.0,
  "max_drawdown": -100.0,
  "total_trades": 1498,
  "win_rate": 22.563417890520697,
  "win_rate_pct": 22.563417890520697,
  "profit_factor": 0.8973946397653653,
  "data_coverage_pct": 99.85186230248307
}