{
  "fold_id": 5,
  "train_range": [
    51000,
    59952
  ],
  "test_range": [
    61200,
    62448
  ],
  "train_bars": 8952,
  "test_bars": 1248,
  "train_sharpe": -9.16621560093314,
  "test_sharpe": -36.304292186686695,
  "overfitting_ratio": 0.252,
  "execution_time_ms": 99.5
}