{
  "train_sharpe": -9.16621560093314,
  "test_sharpe": -36.304292186686695,
  "overfitting_ratio": 0.252
}