{
  "total_pnl": -3966.0034850541488,
  "total_return_pct": -39.660034850541486,
  "sharpe_ratio": -1.2864224484383757,
  "max_drawdown_pct": -43.980529090009654,
  "max_drawdown": -43.980529090009654,
  "total_trades": 234,
  "win_rate": 19.230769230769234,
  "win_rate_pct": 19.230769230769234,
  "profit_factor": 0.6831983715517105,
  "data_coverage_pct": 100.0
}