{
  "total_pnl": -1049.696995489534,
  "total_return_pct": -10.49696995489534,
  "sharpe_ratio": 0.12073481457673226,
  "max_drawdown_pct": -40.077240749524364,
  "max_drawdown": -40.077240749524364,
  "total_trades": 21,
  "win_rate": 52.38095238095239,
  "win_rate_pct": 52.38095238095239,
  "profit_factor": 0.888170225606851,
  "data_coverage_pct": 100.0
}