{
  "total_pnl": -235759.60837575558,
  "total_return_pct": -2357.596083757556,
  "sharpe_ratio": -0.09202301000433727,
  "max_drawdown_pct": -100.0,
  "max_drawdown": -100.0,
  "total_trades": 7183,
  "win_rate": 48.86537658360017,
  "win_rate_pct": 48.86537658360017,
  "profit_factor": 0.6133220748321977,
  "data_coverage_pct": 95.1710816777042
}