{
  "total_pnl": -3302.2082374375877,
  "total_return_pct": -33.02208237437588,
  "sharpe_ratio": -20.377621958633025,
  "max_drawdown_pct": -45.33501566224506,
  "max_drawdown": -45.33501566224506,
  "total_trades": 177,
  "win_rate": 23.728813559322035,
  "win_rate_pct": 23.728813559322035,
  "profit_factor": 0.6057341555725705,
  "data_coverage_pct": 100.0
}