{
  "total_pnl": 34375.488806959285,
  "total_return_pct": 343.7548880695929,
  "sharpe_ratio": 0.9914549464457262,
  "max_drawdown_pct": -25.27048062564307,
  "max_drawdown": -25.27048062564307,
  "total_trades": 234,
  "win_rate": 29.059829059829063,
  "win_rate_pct": 29.059829059829063,
  "profit_factor": 1.5163943769755357,
  "data_coverage_pct": 99.85608552631578
}