{
  "total_pnl": -173935.90830416337,
  "total_return_pct": -1739.3590830416335,
  "sharpe_ratio": 0.8490755749709076,
  "max_drawdown_pct": -100.0,
  "max_drawdown": -100.0,
  "total_trades": 5194,
  "win_rate": 48.61378513669619,
  "win_rate_pct": 48.61378513669619,
  "profit_factor": 0.6218677458237932,
  "data_coverage_pct": 93.36543606206527
}