{
  "total_return": -3.6028933785997173,
  "sharpe_ratio": 4.428250168728856,
  "sortino_ratio": 0,
  "max_drawdown": -1.0,
  "win_rate": 0.22990654205607478,
  "profit_factor": 0.841606365958632,
  "sqn": 0,
  "calmar_ratio": 0,
  "recovery_factor": 0,
  "ulcer_index": 0.0,
  "total_trades": 2140,
  "avg_trade_duration": 0.0
}