{
  "total_pnl": -2436.211048152034,
  "total_return_pct": -24.36211048152034,
  "sharpe_ratio": -0.14989599964253028,
  "max_drawdown_pct": -54.79240365276413,
  "max_drawdown": -54.79240365276413,
  "total_trades": 725,
  "win_rate": 21.379310344827587,
  "win_rate_pct": 21.379310344827587,
  "profit_factor": 0.9456563708557894,
  "data_coverage_pct": 99.92163009404389
}