{
  "total_pnl": -29497.15266980477,
  "total_return_pct": -294.97152669804774,
  "sharpe_ratio": 0.5522821671674697,
  "max_drawdown_pct": -100.0,
  "max_drawdown": -100.0,
  "total_trades": 2204,
  "win_rate": 21.551724137931032,
  "win_rate_pct": 21.551724137931032,
  "profit_factor": 0.8725480168558493,
  "data_coverage_pct": 99.9231950844854
}