{
  "total_pnl": -12756.084479266838,
  "total_return_pct": -127.56084479266838,
  "sharpe_ratio": 9.055429193594614,
  "max_drawdown_pct": -100.0,
  "total_trades": 518,
  "win_rate_pct": 23.745173745173744,
  "profit_factor": 0.44556299167291114,
  "data_coverage_pct": 100.0
}