{
  "fold_id": 1,
  "train_range": [
    10200,
    19152
  ],
  "test_range": [
    20400,
    36012
  ],
  "train_bars": 8952,
  "test_bars": 15612,
  "train_sharpe": 6.215402217435573,
  "test_sharpe": 1.9135272571791506,
  "overfitting_ratio": 3.248,
  "execution_time_ms": 48.8
}