{
  "train_sharpe": 6.215402217435573,
  "test_sharpe": 1.9135272571791506,
  "overfitting_ratio": 3.248
}