{
  "total_pnl": -26597.72471924904,
  "total_return_pct": -265.9772471924904,
  "sharpe_ratio": 0.10354361768487685,
  "max_drawdown_pct": -100.0,
  "max_drawdown": -100.0,
  "total_trades": 673,
  "win_rate": 46.50817236255572,
  "win_rate_pct": 46.50817236255572,
  "profit_factor": 0.8238129880355803,
  "data_coverage_pct": 99.92163009404389
}