{
  "total_pnl": -4213.611540530594,
  "total_return_pct": -42.13611540530594,
  "sharpe_ratio": -0.10294094513160043,
  "max_drawdown_pct": -70.79398284895044,
  "max_drawdown": -70.79398284895044,
  "total_trades": 91,
  "win_rate": 30.76923076923077,
  "win_rate_pct": 30.76923076923077,
  "profit_factor": 0.9040675728637771,
  "data_coverage_pct": 100.0
}