{
  "total_pnl": 595.9978880473191,
  "total_return_pct": 5.959978880473191,
  "sharpe_ratio": 0.28854865258332574,
  "max_drawdown_pct": -36.72699465097619,
  "max_drawdown": -36.72699465097619,
  "total_trades": 29,
  "win_rate": 48.275862068965516,
  "win_rate_pct": 48.275862068965516,
  "profit_factor": 1.0525118034500267,
  "data_coverage_pct": 100.0
}