{
  "total_pnl": 6037.890912849853,
  "total_return_pct": 60.37890912849853,
  "sharpe_ratio": 0.5932456880073316,
  "max_drawdown_pct": -10.457370256235318,
  "max_drawdown": -10.457370256235318,
  "total_trades": 174,
  "win_rate": 20.689655172413794,
  "win_rate_pct": 20.689655172413794,
  "profit_factor": 1.5051656490400656,
  "data_coverage_pct": 99.92163009404389
}