{
  "fold_id": 0,
  "train_range": [
    0,
    8952
  ],
  "test_range": [
    10200,
    25812
  ],
  "train_bars": 8952,
  "test_bars": 15612,
  "train_sharpe": 0.542860698670761,
  "test_sharpe": 7.095720139104944,
  "overfitting_ratio": 0.077,
  "execution_time_ms": 52.1
}