{
  "train_sharpe": 0.542860698670761,
  "test_sharpe": 7.095720139104944,
  "overfitting_ratio": 0.077
}