{
  "sharpe_ratio": -10.375859141328323,
  "total_return_pct": -29.06006842518139,
  "max_drawdown_pct": -29.385160535017146,
  "total_trades": 182
}