{
  "results": [
    {
      "params": {
        "fast_period": 12,
        "slow_period": 35,
        "k_sl": 3.0
      },
      "metrics": {
        "total_pnl": -22179.521838784316,
        "total_return_pct": -221.79521838784316,
        "sharpe_ratio": -0.3599916146803167,
        "max_drawdown_pct": -100.0,
        "max_drawdown": -100.0,
        "total_trades": 1796,
        "win_rate": 24.164810690423163,
        "win_rate_pct": 24.164810690423163,
        "profit_factor": 0.8962188430839602,
        "data_coverage_pct": 99.9231950844854
      },
      "score": -0.3599916146803167
    }
  ],
  "n_combinations": 1,
  "metric": "sharpe",
  "granularity": 1.0
}