{
  "fold_id": 4,
  "train_range": [
    40800,
    49752
  ],
  "test_range": [
    51000,
    62448
  ],
  "train_bars": 8952,
  "test_bars": 11448,
  "train_sharpe": -2.5295587793059764,
  "test_sharpe": -0.42805482598877354,
  "overfitting_ratio": 5.909,
  "execution_time_ms": 53.6
}