{
  "fold_id": 0,
  "train_range": [
    0,
    8952
  ],
  "test_range": [
    10200,
    25812
  ],
  "train_bars": 8952,
  "test_bars": 15612,
  "train_sharpe": 10.770152236629999,
  "test_sharpe": 6.9459318443002305,
  "overfitting_ratio": 1.551,
  "execution_time_ms": 9.2
}