{
  "train_sharpe": 10.770152236629999,
  "test_sharpe": 6.9459318443002305,
  "overfitting_ratio": 1.551
}