{
  "total_pnl": -34062.409147420614,
  "total_return_pct": -340.6240914742062,
  "sharpe_ratio": 0.3491640682052716,
  "max_drawdown_pct": -100.0,
  "max_drawdown": -100.0,
  "total_trades": 1176,
  "win_rate": 28.2312925170068,
  "win_rate_pct": 28.2312925170068,
  "profit_factor": 0.7966379159046038,
  "data_coverage_pct": 99.85186230248307
}