{
  "fold_id": 2,
  "train_range": [
    20400,
    29352
  ],
  "test_range": [
    30600,
    46212
  ],
  "train_bars": 8952,
  "test_bars": 15612,
  "train_sharpe": 9.755504635648483,
  "test_sharpe": 4.870322816462275,
  "overfitting_ratio": 2.003,
  "execution_time_ms": 41.0
}