{
  "train_sharpe": 9.755504635648483,
  "test_sharpe": 4.870322816462275,
  "overfitting_ratio": 2.003
}