{
  "fold_id": 0,
  "train_range": [
    0,
    8952
  ],
  "test_range": [
    10200,
    25812
  ],
  "train_bars": 8952,
  "test_bars": 15612,
  "train_sharpe": -0.8062420241954115,
  "test_sharpe": -4.869735939630437,
  "overfitting_ratio": 0.166,
  "execution_time_ms": 123.4
}