{
  "train_sharpe": -0.8062420241954115,
  "test_sharpe": -4.869735939630437,
  "overfitting_ratio": 0.166
}